
{
  "title": "Aṣṭāvakra Gītā",
  "chapters": [
    {
      "chapter": 1,
      "title": "Instruction on the Self",
      "verses": [
        {
          "verse": 1,
          "sanskrit": "जनक उवाच कथं ज्ञानमवाप्नोति कथं मुक्तिर्भविष्यति। वैराग्यं च कथं प्राप्तमेतद्ब्रूहि मम प्रभो॥१॥",
          "translation": "Janaka said: How is knowledge to be acquired? How is liberation to be attained? And how is dispassion to be reached? Tell me this, O Lord."
        }
      ]
    }
  ]
}
