
{
  "title": "Shrimad Bhagwat Maha Puran",
  "chapters": [
    {
      "chapter": 1,
      "title": "First Canto: Creation",
      "verses": [
        {
          "verse": 1,
          "sanskrit": "जन्माद्यस्य यतोऽन्वयादितरतश्चार्थेष्वभिज्ञः स्वराट् तेने ब्रह्म हृदा य आदिकवये मुह्यन्ति यत्सूरयः ।",
          "translation": "O my Lord, Śrī Kṛṣṇa, son of Vasudeva, O all-pervading Personality of Godhead, I offer my respectful obeisances unto You. I meditate upon Lord Śrī Kṛṣṇa because He is the Absolute Truth and the primeval cause of all causes of the creation, sustenance and destruction of the manifested universes."
        }
      ]
    }
  ]
}
