
{
  "title": "Isha Upanishad",
  "chapters": [
    {
      "chapter": 1,
      "title": "The Indwelling Lord",
      "verses": [
        {
          "verse": 1,
          "sanskrit": "ईशा वास्यमिदं सर्वं यत्किञ्च जगत्यां जगत् । तेन त्यक्तेन भुञ्जीथा मा गृधः कस्यस्विद्धनम् ॥",
          "translation": "All this is for habitation by the Lord, whatsoever is individual universe of movement in the universal motion. By that renounced thou shouldst enjoy; lust not after any man’s possession."
        }
      ]
    }
  ]
}
