
[
  {
    "id": 1,
    "name": "ऋग्वेद (HI)",
    "description": "वेदों में सबसे पुराना, विभिन्न देवताओं को समर्पित 1,028 भजनों (सूक्तों) का संग्रह। (HI)"
  },
  {
    "id": 2,
    "name": "भगवद्-गीता (HI)",
    "description": "श्री कृष्ण और अर्जुन के बीच कुरुक्षेत्र में एक संवाद, जो 700 श्लोकों में वैदिक ज्ञान का सार प्रस्तुत करता है। (HI)"
  }
]
