
[
  {
    "id": 1,
    "name": "ఋగ్వేదం (TE)",
    "description": "వేదాలలో పురాతనమైనది, వివిధ దేవతలకు అంకితం చేయబడిన 1,028 శ్లోకాల (సూక్తాల) సమాహారం. (TE)"
  },
  {
    "id": 2,
    "name": "భగవద్గీత (TE)",
    "description": "శ్రీ కృష్ణుడు మరియు అర్జునుడి మధ్య కురుక్షేత్రంలో జరిగిన సంభాషణ, 700 శ్లోకాలలో వేద జ్ఞానం యొక్క సారాంశం. (TE)"
  }
]
