
[
    {
      "id": 1,
      "name": "कुंभ मेला (HI)",
      "description": "कुंभ मेला हिंदू धर्म में एक प्रमुख तीर्थयात्रा और त्योहार है, और दुनिया के सबसे बड़े शांतिपूर्ण समारोहों में से एक है। (HI)",
      "dates": "अप्रैल - मई 2028 (अगला उज्जैन में) (HI)",
      "location": "उज्जैन, मध्य प्रदेश (HI)"
    }
]
