
[
    {
      "id": 1,
      "name": "కుంభమేళా (TE)",
      "description": "కుంభమేళా హిందూమతంలో ఒక ప్రధాన యాత్ర మరియు పండుగ, మరియు ప్రపంచంలో అతిపెద్ద శాంతియుత సమావేశాలలో ఒకటి. (TE)",
      "dates": "ఏప్రిల్ - మే 2028 (తదుపరి ఉజ్జయినిలో) (TE)",
      "location": "ఉజ్జయిని, మధ్యప్రదేశ్ (TE)"
    }
]
