
[
  {
    "id": 1,
    "name": "రుద్ర అభిషేకం (TE)",
    "description": "రుద్రుడు, శివుని యొక్క ఉగ్ర రూపం, గౌరవించటానికి ఒక ప్రధాన వేద కర్మ. ఈ శక్తివంతమైన పూజలో పాలు, పెరుగు, తేనె, మరియు పవిత్ర జలం వంటి పవిత్ర పదార్థాలతో శివలింగానికి ఉత్సవ స్నానం ఉంటుంది... (TE)",
    "duration": "సుమారు 1.5 గంటలు (TE)",
    "deity": "శివుడు (రుద్రుడు) (TE)",
    "benefits": "పాపాల ప్రక్షాళన, ప్రతికూల శక్తుల తొలగింపు, శాంతి, శ్రేయస్సు మరియు ఆధ్యాత్మిక అభివృద్ధిని ప్రసాదిస్తుంది. (TE)"
  },
  {
    "id": 2,
    "name": "సత్యనారాయణ పూజ (TE)",
    "description": "భగవంతుడు సత్యనారాయణుడు, శాశ్వత సత్యం యొక్క స్వరూపం మరియు విష్ణువు యొక్క దయగల రూపంకి అంకితం చేయబడిన ఒక పవిత్రమైన ఆచారము. (TE)",
    "duration": "సుమారు 2 గంటలు (TE)",
    "deity": "విష్ణువు (సత్యనారాయణుడు) (TE)",
    "benefits": "కుటుంబం యొక్క ఆనందం మరియు శ్రేయస్సు కోసం నిరంతర ఆశీర్వాదాలను కోరుకుంటుంది. (TE)"
  }
]
