
[
  {
    "id": 1,
    "name": "रुद्र अभिषेक (HI)",
    "description": "भगवान रुद्र, शिव का एक उग्र रूप, का सम्मान करने के लिए एक सर्वोपरि वैदिक अनुष्ठान। इस शक्तिशाली पूजा में पवित्र पदार्थों जैसे दूध, दही, शहद और पवित्र जल के साथ शिवलिंग का औपचारिक स्नान शामिल है... (HI)",
    "duration": "लगभग 1.5 घंटे (HI)",
    "deity": "भगवान शिव (रुद्र) (HI)",
    "benefits": "पापों का नाश, नकारात्मक ऊर्जाओं का निवारण, शांति, समृद्धि और आध्यात्मिक उन्नति प्रदान करता है। (HI)"
  },
  {
    "id": 2,
    "name": "सत्यनारायण पूजा (HI)",
    "description": "भगवान सत्यनारायण, शाश्वत सत्य के अवतार और भगवान विष्णु के एक उदार रूप को समर्पित एक पवित्र अनुष्ठान। (HI)",
    "duration": "लगभग 2 घंटे (HI)",
    "deity": "भगवान विष्णु (सत्यनारायण) (HI)",
    "benefits": "परिवार की खुशी और कल्याण के लिए निरंतर आशीर्वाद चाहते हैं। (HI)"
  }
]
