
[
    {
        "userId": 1,
        "xp": 1250,
        "streak": 5,
        "lastStreakUpdate": "2024-07-28",
        "tasks": {
            "meditate": "2024-07-28",
            "seva": "2024-07-27",
            "shloka": "2024-07-28",
            "darshan": null
        }
    },
    {
        "userId": 2,
        "xp": 350,
        "streak": 2,
        "lastStreakUpdate": "2024-07-28",
        "tasks": {
            "meditate": null,
            "seva": "2024-07-26",
            "shloka": "2024-07-28",
            "darshan": null
        }
    }
]
