
[
  {
    "id": 1,
    "name": "మహాకాళేశ్వర్ జ్యోతిర్లింగ (TE)",
    "location": "ఉజ్జయిని, మధ్యప్రదేశ్ (TE)",
    "history": "ఉజ్జయినిలోని మహాకాళేశ్వర్ ఆలయం, మధ్యప్రదేశ్, శివుని పన్నెండు జ్యోతిర్లింగాలలో ఒకటిగా హిందూమతం యొక్క అత్యంత పవిత్ర పుణ్యక్షేత్రాలలో ఒకటిగా నిలుస్తుంది... (TE)",
    "darshanTimings": "ఉదయం 4 - రాత్రి 11 (భస్మ హారతి: ఉదయం 4) (TE)"
  },
  {
    "id": 2,
    "name": "కాశీ విశ్వనాథ ఆలయం (TE)",
    "location": "వారణాసి, ఉత్తర ప్రదేశ్ (TE)",
    "history": "వారణాసిలోని పవిత్ర గంగా పశ్చిమ ఒడ్డున ఉన్న కాశీ విశ్వనాథ ఆలయం హిందూ ఆధ్యాత్మికతకు మూలస్తంభం... (TE)",
    "darshanTimings": "ఉదయం 3 - రాత్రి 11 (TE)"
  }
]
