
[
  {
    "id": 1,
    "name": "महाकालेश्वर ज्योतिर्लिंग (HI)",
    "location": "उज्जैन, मध्य प्रदेश (HI)",
    "history": "उज्जैन में महाकालेश्वर मंदिर, मध्य प्रदेश, भगवान शिव के बारह ज्योतिर्लिंगों में से एक के रूप में हिंदू धर्म के सबसे पवित्र मंदिरों में से एक है... (HI)",
    "darshanTimings": "सुबह 4 बजे - रात 11 बजे (भस्म आरती: सुबह 4 बजे) (HI)"
  },
  {
    "id": 2,
    "name": "काशी विश्वनाथ मंदिर (HI)",
    "location": "वाराणसी, उत्तर प्रदेश (HI)",
    "history": "वाराणसी में पवित्र गंगा के पश्चिमी तट पर स्थित काशी विश्वनाथ मंदिर हिंदू आध्यात्मिकता का एक आधारशिला है... (HI)",
    "darshanTimings": "सुबह 3 बजे - रात 11 बजे (HI)"
  }
]
