
[
  {
    "id": 14,
    "name": "Akshardham Temple",
    "location": "Delhi",
    "history": "A modern architectural marvel, Akshardham is a spiritual-cultural campus dedicated to showcasing Hindu and Indian culture, spirituality, and architecture. The complex displays millennia of traditional Hindu and Indian culture, spirituality, and architecture.",
    "imageUrl": "https://upload.wikimedia.org/wikipedia/commons/thumb/b/b3/Akshardham_Temple_in_New_Delhi_India.jpg/1280px-Akshardham_Temple_in_New_Delhi_India.jpg",
    "lat": 28.6127,
    "lng": 77.2773,
    "crowdLevel": "Very High",
    "darshanTimings": "10 AM - 6:30 PM (Closed Mondays)",
    "deity": "Swaminarayan, Sita-Ram, Radha-Krishna",
    "tags": ["modern", "cultural", "krishna", "vishnu", "vaishnava"],
    "estimatedCost": 1500,
    "estimatedDays": 1,
    "featuredOrder": 20
  },
    {
    "id": 126,
    "name": "Ambaji Temple",
    "location": "Ambaji, Gujarat",
    "history": "One of the 18 Maha Shakti Peeths, this sacred temple is where the heart of Goddess Sati is believed to have fallen. The temple is unique as there is no idol; the main object of worship is the sacred Shree Visa Yantra. It's a major pilgrimage center in Gujarat.",
    "imageUrl": "https://upload.wikimedia.org/wikipedia/commons/thumb/a/a2/Ambaji_Temple_View.jpg/1024px-Ambaji_Temple_View.jpg",
    "lat": 24.331,
    "lng": 72.853,
    "crowdLevel": "Very High",
    "darshanTimings": "7:30 AM - 9:15 PM",
    "deity": "Goddess Sati (Amba)",
    "tags": ["shakti peeth", "maha shakti peeth", "shakta"],
    "estimatedCost": 2500,
    "estimatedDays": 1,
    "featuredOrder": 35
  },
  {
    "id": 142,
    "name": "Amarnath Cave Temple",
    "location": "Anantnag, Jammu and Kashmir",
    "history": "One of the most revered Hindu shrines, the Amarnath Cave is dedicated to Lord Shiva. The cave, situated at an altitude of 3,888m, houses an ice stalagmite that waxes and wanes with the moon's phases, and is considered a 'swayambhu' lingam of Shiva.",
    "imageUrl": "https://upload.wikimedia.org/wikipedia/commons/d/d6/Amarnath_cave_as_seen_from_the_valley.jpg",
    "lat": 34.2155,
    "lng": 75.5037,
    "crowdLevel": "High",
    "darshanTimings": "Seasonal (July-August)",
    "deity": "Lord Shiva",
    "tags": ["cave", "pilgrimage", "shiva"],
    "estimatedCost": 7000,
    "estimatedDays": 4,
    "featuredOrder": 15
  },
    {
    "id": 133,
    "name": "Arunachaleswarar Temple",
    "location": "Tiruvannamalai, Tamil Nadu",
    "history": "Representing the element of Fire (Agni Lingam), this grand temple is at the base of the Arunachala hill, considered a manifestation of Shiva. It is a major center for the Shaiva sect and is famous for its massive gopurams and the Karthigai Deepam festival.",
    "imageUrl": "https://upload.wikimedia.org/wikipedia/commons/thumb/a/a3/Arunachalesvara_Temple_Tiruvannamalai_28.jpg/1024px-Arunachalesvara_Temple_Tiruvannamalai_28.jpg",
    "lat": 12.2319,
    "lng": 79.0677,
    "crowdLevel": "High",
    "darshanTimings": "5:30 AM - 12:30 PM, 4:00 PM - 9:30 PM",
    "deity": "Lord Shiva",
    "tags": ["panchabhoota", "shiva"],
    "estimatedCost": 2200,
    "estimatedDays": 1,
    "circuitOrder": { "panchabhoota": 3 },
    "featuredOrder": 28
  },
  {
    "id": 13,
    "name": "Badrinath Temple",
    "location": "Badrinath, Uttarakhand",
    "history": "Located on the banks of the Alaknanda River in Uttarakhand, Badrinath Temple is a sacred abode of Lord Vishnu. It is a key site in both the Char Dham and Chota Char Dham pilgrimages. The temple is dedicated to Vishnu's dual form of Badrinarayan, and the main idol is a black Saligram stone believed to be self-manifested.",
    "imageUrl": "https://upload.wikimedia.org/wikipedia/commons/thumb/5/5d/Badrinath_Temple_on_a_Cloudy_Day.jpg/1024px-Badrinath_Temple_on_a_Cloudy_Day.jpg",
    "lat": 30.7433,
    "lng": 79.4938,
    "crowdLevel": "High",
    "darshanTimings": "4:30 AM - 9 PM (Seasonal: Apr-Nov)",
    "deity": "Lord Vishnu",
    "tags": ["char dham", "himalayan char dham", "vishnu", "vaishnava"],
    "estimatedCost": 4500,
    "estimatedDays": 3,
    "circuitOrder": { "char_dham": 4, "himalayan_char_dham": 4 },
    "featuredOrder": 6
  },
  {
    "id": 6,
    "name": "Bhimashankar Temple",
    "location": "Bhimashankar, Maharashtra",
    "history": "Located in the Sahyadri hills, this Jyotirlinga shrine is the source of the river Bhima. The temple is built in the Nagara style of architecture and is surrounded by a rich wildlife sanctuary. The legend associated with this temple is of Shiva slaying the demon Tripurasura.",
    "imageUrl": "https://upload.wikimedia.org/wikipedia/commons/thumb/1/13/Bhimashankar_Temple_DSCN2651.jpg/1024px-Bhimashankar_Temple_DSCN2651.jpg",
    "lat": 19.071,
    "lng": 73.5358,
    "crowdLevel": "Medium",
    "darshanTimings": "4:30 AM - 9:30 PM",
    "deity": "Lord Shiva",
    "tags": ["jyotirlinga", "shiva"],
    "estimatedCost": 1800,
    "estimatedDays": 1,
    "circuitOrder": { "jyotirlinga": 6 },
    "featuredOrder": 10
  },
  {
    "id": 110,
    "name": "Brihadeeswarar Temple",
    "location": "Thanjapur, Tamil Nadu",
    "history": "Also known as the Big Temple, this stunning example of Dravidian architecture was built by Raja Raja Chola I. Dedicated to Lord Shiva, it is a UNESCO World Heritage Site, famed for its massive vimana (tower) and the monolithic Nandi.",
    "imageUrl": "https://upload.wikimedia.org/wikipedia/commons/thumb/4/4d/Brihadisvara_Temple_in_Thanjavur.jpg/1024px-Brihadisvara_Temple_in_Thanjavur.jpg",
    "lat": 10.7828,
    "lng": 79.1318,
    "crowdLevel": "High",
    "darshanTimings": "6 AM - 12:30 PM, 4 PM - 8:30 PM",
    "deity": "Lord Shiva",
    "tags": ["unesco", "chola", "shiva"],
    "estimatedCost": 2000,
    "estimatedDays": 1,
    "featuredOrder": 40
  },
  {
    "id": 132,
    "name": "Chandranath Temple",
    "location": "Sitakunda, Bangladesh",
    "history": "One of the 18 Maha Shakti Peeths, located on top of the Chandranath hill. This is the sacred site where the right arm of Goddess Sati is believed to have fallen. It is a prominent pilgrimage site in Bangladesh.",
    "imageUrl": "https://upload.wikimedia.org/wikipedia/commons/thumb/e/e5/Chandranath_Temple_by_Ziad_Hossain.jpg/1024px-Chandranath_Temple_by_Ziad_Hossain.jpg",
    "lat": 22.653,
    "lng": 91.688,
    "crowdLevel": "Medium",
    "darshanTimings": "6 AM - 6 PM",
    "deity": "Goddess Sati (Bhavani)",
    "tags": ["shakti peeth", "maha shakti peeth", "shakta"],
    "estimatedCost": 9000,
    "estimatedDays": 4,
    "featuredOrder": 46
  },
  {
    "id": 111,
    "name": "Dwaraka Pitha",
    "location": "Dwarka, Gujarat",
    "history": "The western Matha, also known as the Sharada Peetham. It is one of the four cardinal peethams established by Adi Shankaracharya, with the motto 'Tat Tvam Asi' from the Samaveda.",
    "imageUrl": "https://upload.wikimedia.org/wikipedia/commons/thumb/c/c4/Sharda_Peeth_Dwarka.jpg/1024px-Sharda_Peeth_Dwarka.jpg",
    "lat": 22.2415,
    "lng": 68.9734,
    "crowdLevel": "Medium",
    "darshanTimings": "7 AM - 12 PM, 5 PM - 8 PM",
    "deity": "Adi Shankaracharya",
    "tags": ["shankar mutt", "other_major"],
    "estimatedCost": 2000,
    "estimatedDays": 1,
    "featuredOrder": 32
  },
  {
    "id": 15,
    "name": "Dwarkadhish Temple",
    "location": "Dwarka, Gujarat",
    "history": "The Dwarkadhish temple, also known as the Jagat Mandir, is dedicated to Lord Krishna. It is one of the four main pilgrimage sites of the Char Dham. The temple's main shrine is a five-storied structure supported by 72 pillars, believed to be over 2,200 years old. It is situated at the confluence of the Gomti river and the Arabian Sea.",
    "imageUrl": "https://upload.wikimedia.org/wikipedia/commons/thumb/d/d3/Dwarkadhish_Temple%2C_Dwarka.jpg/1024px-Dwarkadhish_Temple%2C_Dwarka.jpg",
    "lat": 22.2375,
    "lng": 68.9675,
    "crowdLevel": "High",
    "darshanTimings": "6:30 AM - 1 PM, 5 PM - 9:30 PM",
    "deity": "Lord Krishna",
    "tags": ["char dham", "krishna", "vishnu", "vaishnava"],
    "estimatedCost": 2500,
    "estimatedDays": 1,
    "circuitOrder": { "char_dham": 3 },
    "featuredOrder": 5
  },
  {
    "id": 135,
    "name": "Ekambareswarar Temple",
    "location": "Kanchipuram, Tamil Nadu",
    "history": "Representing the element of Earth (Prithvi Lingam), this ancient temple is one of Kanchipuram's most famous landmarks. The Lingam here is believed to be self-manifested (Swayambhu) and is made of sand. The temple has a mango tree said to be 3,500 years old.",
    "imageUrl": "https://upload.wikimedia.org/wikipedia/commons/thumb/c/c5/Ekambareswarar_Temple_Tower.jpg/800px-Ekambareswarar_Temple_Tower.jpg",
    "lat": 12.8476,
    "lng": 79.7027,
    "crowdLevel": "High",
    "darshanTimings": "6:00 AM - 12:30 PM, 4:00 PM - 8:30 PM",
    "deity": "Lord Shiva",
    "tags": ["panchabhoota", "shiva"],
    "estimatedCost": 1800,
    "estimatedDays": 1,
    "circuitOrder": { "panchabhoota": 1 },
    "featuredOrder": 26
  },
  {
    "id": 139,
    "name": "Gangotri Temple",
    "location": "Uttarkashi, Uttarakhand",
    "history": "The sacred origin of the River Ganges, this temple is dedicated to Goddess Ganga. It is the second pilgrimage site in the Himalayan Char Dham Yatra. The original temple was built by the Gorkha general Amar Singh Thapa in the early 18th century.",
    "imageUrl": "https://upload.wikimedia.org/wikipedia/commons/thumb/c/c3/Gangotri_Temple_in_the_evening_light.jpg/1024px-Gangotri_Temple_in_the_evening_light.jpg",
    "lat": 30.9946,
    "lng": 78.9405,
    "crowdLevel": "High",
    "darshanTimings": "6:15 AM - 2 PM, 3 PM - 9:30 PM (Seasonal: Apr-Nov)",
    "deity": "Goddess Ganga",
    "tags": ["himalayan char dham", "shakta"],
    "estimatedCost": 4000,
    "estimatedDays": 2,
    "circuitOrder": { "himalayan_char_dham": 2 },
    "featuredOrder": 18
  },
  {
    "id": 109,
    "name": "Golden Temple (Harmandir Sahib)",
    "location": "Amritsar, Punjab",
    "history": "The holiest Gurdwara and the most important pilgrimage site of Sikhism. It is an open house of worship for all people, from all walks of life and faiths. The temple is surrounded by a sacred pool (sarovar) and has a stunning golden dome.",
    "imageUrl": "https://upload.wikimedia.org/wikipedia/commons/thumb/4/4b/Golden_Temple_Amritsar_India.jpg/1280px-Golden_Temple_Amritsar_India.jpg",
    "lat": 31.62,
    "lng": 74.8765,
    "crowdLevel": "Very High",
    "darshanTimings": "3 AM - 10 PM",
    "deity": "Guru Granth Sahib",
    "tags": ["sikh", "pilgrimage", "other_major"],
    "estimatedCost": 1800,
    "estimatedDays": 1,
    "featuredOrder": 42
  },
  {
    "id": 112,
    "name": "Govardhan Math",
    "location": "Puri, Odisha",
    "history": "The eastern Matha established by Adi Shankaracharya. It is associated with the Rigveda and the Mahavakya 'Prajnanam Brahma'. The deity is Jagannath (a form of Vishnu).",
    "imageUrl": "https://upload.wikimedia.org/wikipedia/commons/4/43/Govardhan_Math%2C_Puri.jpg",
    "lat": 19.809,
    "lng": 85.83,
    "crowdLevel": "Medium",
    "darshanTimings": "8 AM - 12 PM, 4 PM - 7 PM",
    "deity": "Adi Shankaracharya",
    "tags": ["shankar mutt", "other_major"],
    "estimatedCost": 2000,
    "estimatedDays": 1,
    "featuredOrder": 31
  },
  {
    "id": 12,
    "name": "Grishneshwar Temple",
    "location": "Aurangabad, Maharashtra",
    "history": "The Grishneshwar temple is the last of the twelve Jyotirlingas. It is located near the UNESCO World Heritage site of Ellora Caves. The temple was destroyed and rebuilt several times, with the current structure being restored in the 18th century by Ahilyabai Holkar.",
    "imageUrl": "https://upload.wikimedia.org/wikipedia/commons/thumb/e/e0/Grishneshwar_Temple%2C_Ellora-Verul.jpg/1280px-Grishneshwar_Temple%2C_Ellora-Verul.jpg",
    "lat": 20.0381,
    "lng": 75.1669,
    "crowdLevel": "Medium",
    "darshanTimings": "5:30 AM - 9:30 PM",
    "deity": "Lord Shiva",
    "tags": ["jyotirlinga", "shiva"],
    "estimatedCost": 1700,
    "estimatedDays": 1,
    "circuitOrder": { "jyotirlinga": 12 },
    "featuredOrder": 14
  },
  {
    "id": 113,
    "name": "Guruvayur Temple",
    "location": "Guruvayur, Kerala",
    "history": "A famous Krishna temple, often referred to as 'Bhuloka Vaikunta' (the holy abode of Vishnu on Earth). The central icon is a four-armed standing Krishna carrying the Panchajanya (conch), the Sudarshana Chakra (discus), the Kaumodaki (mace) and a lotus.",
    "imageUrl": "https://upload.wikimedia.org/wikipedia/commons/thumb/3/33/Guruvayoor_Temple_-_An_aerial_view.jpg/1024px-Guruvayoor_Temple_-_An_aerial_view.jpg",
    "lat": 10.5946,
    "lng": 76.0396,
    "crowdLevel": "Very High",
    "darshanTimings": "3 AM - 1:30 PM, 4:30 PM - 9:15 PM",
    "deity": "Lord Krishna (Guruvayurappan)",
    "tags": ["krishna", "kerala", "vishnu", "vaishnava"],
    "estimatedCost": 2200,
    "estimatedDays": 1,
    "featuredOrder": 21
  },
  {
    "id": 19,
    "name": "Harsiddhi Mata Temple",
    "location": "Ujjain, Madhya Pradesh",
    "history": "One of the 18 Maha Shakti Peeths, Harsiddhi Temple is where the elbow of Goddess Sati is said to have fallen. The temple is famous for its two towering deep-stambhas (lamp pillars) that are lit with hundreds of lamps during Navaratri, creating a spectacular sight.",
    "imageUrl": "https://upload.wikimedia.org/wikipedia/commons/4/4d/Harsiddhi_Temple_Ujjain_India.jpg",
    "lat": 23.18,
    "lng": 75.765,
    "crowdLevel": "Medium",
    "darshanTimings": "6 AM - 10 PM",
    "deity": "Goddess Sati (Mahakali)",
    "tags": [
      "shakti peeth",
      "maha shakti peeth",
      "shakta"
    ],
    "estimatedCost": 1200,
    "estimatedDays": 1,
    "featuredOrder": 36
  },
  {
    "id": 105,
    "name": "Hinglaj Mata Temple",
    "location": "Balochistan, Pakistan",
    "history": "One of the most significant Shakti Peeths, located in a mountain cave on the banks of the Hingol River. It is where Sati's head (Brahmarandhra) is believed to have fallen. It is a revered pilgrimage site for Hindus in Pakistan and beyond.",
    "imageUrl": "https://upload.wikimedia.org/wikipedia/commons/thumb/3/31/Hinglaj_Mata_mandir_in_Balochistan_Pakistan.jpg/1024px-Hinglaj_Mata_mandir_in_Balochistan_Pakistan.jpg",
    "lat": 25.5147,
    "lng": 65.5161,
    "crowdLevel": "Medium",
    "darshanTimings": "Open 24 Hours",
    "deity": "Goddess Sati (Kottari)",
    "tags": ["shakti peeth", "shakta"],
    "estimatedCost": 15000,
    "estimatedDays": 5,
    "featuredOrder": 45
  },
  {
    "id": 141,
    "name": "Jagannath Temple, Puri",
    "location": "Puri, Odisha",
    "history": "A monumental temple in Puri, dedicated to Lord Jagannath (a form of Vishnu), along with his siblings Balabhadra and Subhadra. It is one of the Char Dham pilgrimage sites. The temple is famous for its annual Ratha Yatra, or chariot festival. The main idols are uniquely carved from neem wood and are ceremoniously replaced every twelve or nineteen years.",
    "imageUrl": "https://upload.wikimedia.org/wikipedia/commons/thumb/9/9f/Jagannath_Temple_Puri_Odisha_India.jpg/1280px-Jagannath_Temple_Puri_Odisha_India.jpg",
    "lat": 19.8048,
    "lng": 85.8182,
    "crowdLevel": "Very High",
    "darshanTimings": "5:30 AM - 10 PM",
    "deity": "Lord Jagannath (Vishnu)",
    "tags": ["char dham", "krishna", "vishnu", "vaishnava"],
    "estimatedCost": 3000,
    "estimatedDays": 2,
    "circuitOrder": { "char_dham": 1 },
    "featuredOrder": 3
  },
  {
    "id": 134,
    "name": "Jambukeshwarar Temple",
    "location": "Thiruvanaikaval, Tamil Nadu",
    "history": "This temple represents the element of Water (Appu Lingam). The sanctum sanctorum has an underground water stream that perpetually surrounds the Lingam. It is one of the 275 Paadal Petra Sthalams, where the Nayanars have sung praises of the Lord.",
    "imageUrl": "https://upload.wikimedia.org/wikipedia/commons/thumb/6/63/Thiruvanaikaval_Temple_Full_View.jpg/1024px-Thiruvanaikaval_Temple_Full_View.jpg",
    "lat": 10.8534,
    "lng": 78.7054,
    "crowdLevel": "Medium",
    "darshanTimings": "6:00 AM - 1:00 PM, 4:00 PM - 9:30 PM",
    "deity": "Lord Shiva",
    "tags": ["panchabhoota", "shiva"],
    "estimatedCost": 2100,
    "estimatedDays": 1,
    "circuitOrder": { "panchabhoota": 2 },
    "featuredOrder": 27
  },
  {
    "id": 123,
    "name": "Jogulamba Temple",
    "location": "Alampur, Telangana",
    "history": "One of the 18 Maha Shakti Peeths, this is the sacred site where the upper teeth of Goddess Sati are believed to have fallen. The Goddess Jogulamba is a fierce form of Shakti and is depicted seated on a corpse. The temple is part of the Navabrahma temples complex.",
    "imageUrl": "https://upload.wikimedia.org/wikipedia/commons/thumb/c/c6/Jogulamba_Temple%2C_Alampur.jpg/1024px-Jogulamba_Temple%2C_Alampur.jpg",
    "lat": 15.869,
    "lng": 78.136,
    "crowdLevel": "High",
    "darshanTimings": "7 AM - 1 PM, 2 PM - 8:30 PM",
    "deity": "Goddess Sati (Jogulamba)",
    "tags": ["shakti peeth", "maha shakti peeth", "shakta"],
    "estimatedCost": 2800,
    "estimatedDays": 2,
    "featuredOrder": 37
  },
  {
    "id": 114,
    "name": "Jyotirmath",
    "location": "Joshimath, Uttarakhand",
    "history": "The northern Matha, established by Adi Shankaracharya. It is associated with the Atharvaveda and the Mahavakya 'Ayam Atma Brahma'. The temple houses the deity of Badrinarayan and is a significant pilgrimage center in the Himalayas.",
    "imageUrl": "https://upload.wikimedia.org/wikipedia/commons/thumb/c/c9/Jyotirmath_Temple%2C_Joshimath.jpg/1024px-Jyotirmath_Temple%2C_Joshimath.jpg",
    "lat": 30.5517,
    "lng": 79.5657,
    "crowdLevel": "Medium",
    "darshanTimings": "6 AM - 8 PM",
    "deity": "Adi Shankaracharya",
    "tags": ["shankar mutt", "other_major"],
    "estimatedCost": 3500,
    "estimatedDays": 2,
    "featuredOrder": 33
  },
  {
    "id": 107,
    "name": "Jwala Ji Temple",
    "location": "Kangra, Himachal Pradesh",
    "history": "A powerful Maha Shakti Peeth where Sati's tongue is said to have fallen. The temple is unique as it does not house an idol, but instead, eternal flames that burn from fissures in the rock, representing the Goddess's fiery form.",
    "imageUrl": "https://upload.wikimedia.org/wikipedia/commons/thumb/7/7e/Jwala_Ji_temple_main_entrance.jpg/1024px-Jwala_Ji_temple_main_entrance.jpg",
    "lat": 31.8741,
    "lng": 76.3243,
    "crowdLevel": "High",
    "darshanTimings": "5 AM - 10 PM",
    "deity": "Goddess Jwalamukhi",
    "tags": ["shakti peeth", "maha shakti peeth", "shakta"],
    "estimatedCost": 2500,
    "estimatedDays": 2,
    "featuredOrder": 38
  },
  {
    "id": 108,
    "name": "Kalighat Kali Temple",
    "location": "Kolkata, West Bengal",
    "history": "One of the 18 Maha Shakti Peeths in India, where the toes of Sati's right foot are said to have fallen. The temple is a major pilgrimage site for devotees of Goddess Kali, the fierce form of Shakti.",
    "imageUrl": "https://upload.wikimedia.org/wikipedia/commons/thumb/1/1a/Kalighat_temple_Kolkata.jpg/1024px-Kalighat_temple_Kolkata.jpg",
    "lat": 22.5204,
    "lng": 88.3414,
    "crowdLevel": "Very High",
    "darshanTimings": "5 AM - 2 PM, 5 PM - 10:30 PM",
    "deity": "Goddess Kali",
    "tags": ["shakti peeth", "maha shakti peeth", "shakta"],
    "estimatedCost": 2000,
    "estimatedDays": 1,
    "featuredOrder": 39
  },
  {
    "id": 122,
    "name": "Kamakshi Amman Temple",
    "location": "Kanchipuram, Tamil Nadu",
    "history": "A famous Hindu temple dedicated to Kamakshi, one of the forms of the goddess Parvati. The Temple is believed to be one of the three most sacred places of Shakti worship in India.",
    "imageUrl": "https://upload.wikimedia.org/wikipedia/commons/thumb/a/a3/Kamakshi_Amman_Temple_Kanchipuram.jpg/1024px-Kamakshi_Amman_Temple_Kanchipuram.jpg",
    "lat": 12.8407,
    "lng": 79.7032,
    "crowdLevel": "High",
    "darshanTimings": "5:30 AM - 12:30 PM, 4:00 PM - 9:00 PM",
    "deity": "Goddess Kamakshi (Parvati)",
    "tags": ["shakti peeth", "shakta"],
    "estimatedCost": 1800,
    "estimatedDays": 1,
    "featuredOrder": 41
  },
  {
    "id": 106,
    "name": "Kamakhya Temple",
    "location": "Guwahati, Assam",
    "history": "A major Shakti Peeth, this temple is dedicated to the Goddess Kamakhya. It is one of the oldest of the 51 Shakti Peeths. The temple is unique as it worships the yoni (vulva) of the Goddess, symbolized by a rock with a natural spring flowing over it.",
    "imageUrl": "https://upload.wikimedia.org/wikipedia/commons/thumb/c/c5/A_view_of_Kamakhya_Temple.jpg/1024px-Kamakhya_Temple.jpg",
    "lat": 26.1661,
    "lng": 91.7055,
    "crowdLevel": "Very High",
    "darshanTimings": "8 AM - 1 PM, 2:30 PM - 5:30 PM",
    "deity": "Goddess Sati (Kamakhya)",
    "tags": ["shakti peeth", "shakta"],
    "estimatedCost": 3500,
    "estimatedDays": 2,
    "featuredOrder": 19
  },
  {
    "id": 125,
    "name": "Kanchi Kamakoti Peetham",
    "location": "Kanchipuram, Tamil Nadu",
    "history": "One of the five Pancha Bootha Sthalams, established by Adi Shankaracharya. This Mutt is dedicated to the Advaita Vedanta tradition and has had an unbroken lineage of pontiffs.",
    "imageUrl": "https://upload.wikimedia.org/wikipedia/commons/thumb/3/36/Kanchi_Mutt_Inside_View.jpg/1024px-Kanchi_Mutt_Inside_View.jpg",
    "lat": 12.839,
    "lng": 79.703,
    "crowdLevel": "Medium",
    "darshanTimings": "8 AM - 12 PM, 4 PM - 8 PM",
    "deity": "Adi Shankaracharya",
    "tags": ["shankar mutt", "other_major"],
    "estimatedCost": 1800,
    "estimatedDays": 1,
    "featuredOrder": 34
  },
  {
    "id": 4,
    "name": "Kashi Vishwanath Temple",
    "location": "Varanasi, Uttar Pradesh",
    "history": "The Kashi Vishwanath Temple, located on the western bank of the holy Ganga in Varanasi, is a cornerstone of Hindu spirituality. As one of the twelve Jyotirlingas, it is an exceptionally powerful site dedicated to Lord Shiva, known here as Vishvanatha, the 'Ruler of the Universe'. The temple complex has been rebuilt multiple times through history, with the current structure dating back to the 18th century, featuring its famous gold-plated spires.",
    "imageUrl": "https://upload.wikimedia.org/wikipedia/commons/thumb/e/e8/Kashi_Vishwanath_Temple_in_Varanasi_05.jpg/1024px-Kashi_Vishwanath_Temple_in_Varanasi_05.jpg",
    "lat": 25.3109,
    "lng": 83.0104,
    "crowdLevel": "Very High",
    "darshanTimings": "3 AM - 11 PM",
    "deity": "Lord Shiva",
    "tags": ["jyotirlinga", "shakti peeth", "shiva", "shakta"],
    "estimatedCost": 1500,
    "estimatedDays": 2,
    "circuitOrder": { "jyotirlinga": 9 },
    "featuredOrder": 3
  },
  {
    "id": 10,
    "name": "Kedarnath Temple",
    "location": "Kedarnath, Uttarakhand",
    "history": "Nestled in the Garhwal Himalayas, Kedarnath is one of the most revered Jyotirlingas and a part of the Chota Char Dham Yatra. The temple is believed to have been built by the Pandavas and revived by Adi Shankaracharya. It is accessible only for six months a year due to extreme weather conditions.",
    "imageUrl": "https://upload.wikimedia.org/wikipedia/commons/thumb/c/c4/Kedarnath_temple_in_himalayas.jpg/1024px-Kedarnath_temple_in_himalayas.jpg",
    "lat": 30.7352,
    "lng": 79.0669,
    "crowdLevel": "Very High",
    "darshanTimings": "4 AM - 9 PM (Seasonal: Apr-Nov)",
    "deity": "Lord Shiva",
    "tags": ["jyotirlinga", "himalayan char dham", "shiva"],
    "estimatedCost": 5500,
    "estimatedDays": 4,
    "circuitOrder": { "jyotirlinga": 11, "himalayan_char_dham": 3 },
    "featuredOrder": 8
  },
  {
    "id": 127,
    "name": "Konark Sun Temple",
    "location": "Konark, Odisha",
    "history": "A 13th-century CE sun temple, attributed to king Narasimhadeva I. It is a monumental representation of the sun god Surya's chariot; its 24 wheels are decorated with symbolic designs and it is led by a team of six horses. A UNESCO World Heritage site.",
    "imageUrl": "https://upload.wikimedia.org/wikipedia/commons/thumb/8/87/Konark_Sun_Temple_Front_View.jpg/1024px-Konark_Sun_Temple_Front_View.jpg",
    "lat": 19.8876,
    "lng": 86.0945,
    "crowdLevel": "High",
    "darshanTimings": "6 AM - 8 PM",
    "deity": "Surya (Sun God)",
    "tags": ["unesco", "other_major"],
    "estimatedCost": 2200,
    "estimatedDays": 1,
    "featuredOrder": 43
  },
  {
    "id": 115,
    "name": "Krishna Janmabhoomi",
    "location": "Mathura, Uttar Pradesh",
    "history": "The site is believed to be the birthplace of Lord Krishna. The temple complex includes the Keshavdeva temple, the Garbha Griha shrine and the Bhagavata Bhavan. It's a highly revered pilgrimage site for Vaishnavas.",
    "imageUrl": "https://upload.wikimedia.org/wikipedia/commons/thumb/0/07/Krishna_Janmasthan_Temple_Complex_2013_entrance.jpg/1024px-Krishna_Janmasthan_Temple_Complex_2013_entrance.jpg",
    "lat": 27.483,
    "lng": 77.683,
    "crowdLevel": "Very High",
    "darshanTimings": "5 AM - 12 PM, 4 PM - 9:30 PM",
    "deity": "Lord Krishna",
    "tags": ["krishna", "vishnu", "vaishnava"],
    "estimatedCost": 1500,
    "estimatedDays": 1,
    "featuredOrder": 22
  },
  {
    "id": 1,
    "name": "Mahakaleshwar Temple",
    "location": "Ujjain, Madhya Pradesh",
    "history": "Mahakaleshwar Temple in Ujjain, Madhya Pradesh, stands as one of Hinduism's most sacred shrines, revered as one of the twelve Jyotirlingas of Lord Shiva. It is the only 'dakshinamurti' (south-facing) idol, a unique feature believed to enhance its spiritual potency. The temple is renowned for its Bhasma Aarti, a pre-dawn ritual where the deity is anointed with sacred ash, symbolizing life and death's eternal cycle.",
    "imageUrl": "https://upload.wikimedia.org/wikipedia/commons/thumb/6/6e/Mahakaleshwar_Jyotirlinga_Ujjain_India.jpg/800px-Mahakaleshwar_Jyotirlinga_Ujjain_India.jpg",
    "lat": 23.1813,
    "lng": 75.7663,
    "crowdLevel": "Very High",
    "darshanTimings": "4 AM - 11 PM (Bhasma Aarti: 4 AM)",
    "deity": "Lord Shiva",
    "tags": ["jyotirlinga", "shakti peeth", "shiva", "shakta"],
    "estimatedCost": 1200,
    "estimatedDays": 1,
    "circuitOrder": { "jyotirlinga": 3 },
    "featuredOrder": 1
  },
  {
    "id": 7,
    "name": "Mallikarjuna Temple",
    "location": "Srisailam, Andhra Pradesh",
    "history": "Situated on the banks of the Krishna River, Mallikarjuna is unique as it is both a Jyotirlinga and a Shakti Peeth. Lord Shiva is worshipped as Mallikarjuna, and his consort Goddess Parvati is revered as Brahmaramba. The temple is located on a hill in the dense Nallamala Forest.",
    "imageUrl": "https://upload.wikimedia.org/wikipedia/commons/thumb/1/1d/Srisailam_Temple_Main_Gopuram.jpg/1024px-Srisailam_Temple_Main_Gopuram.jpg",
    "lat": 16.074,
    "lng": 78.868,
    "crowdLevel": "High",
    "darshanTimings": "4:30 AM - 10 PM",
    "deity": "Lord Shiva & Goddess Parvati",
    "tags": ["jyotirlinga", "shakti peeth", "shiva", "shakta"],
    "estimatedCost": 3000,
    "estimatedDays": 2,
    "circuitOrder": { "jyotirlinga": 2 },
    "featuredOrder": 7
  },
  {
    "id": 116,
    "name": "Meenakshi Amman Temple",
    "location": "Madurai, Tamil Nadu",
    "history": "An historic Hindu temple located on the southern bank of the Vaigai River in Madurai. It is dedicated to Parvati, known as Meenakshi, and her consort, Shiva, here named Sundareswarar. The temple is famed for its 14 gopurams (gateway towers), painted with bright colors and intricate carvings.",
    "imageUrl": "https://upload.wikimedia.org/wikipedia/commons/thumb/6/63/Meenakshi_Amman_Temple_seen_from_the_sky.jpg/1280px-Meenakshi_Amman_Temple_seen_from_the_sky.jpg",
    "lat": 9.919,
    "lng": 78.119,
    "crowdLevel": "Very High",
    "darshanTimings": "5 AM - 12:30 PM, 4 PM - 10 PM",
    "deity": "Goddess Meenakshi (Parvati) & Lord Sundareswarar (Shiva)",
    "tags": ["shiva", "shakta"],
    "estimatedCost": 2000,
    "estimatedDays": 1,
    "featuredOrder": 23
  },
  {
    "id": 9,
    "name": "Nageshwar Temple",
    "location": "Dwarka, Gujarat",
    "history": "Nageshwar Temple is one of the 12 Jyotirlinga shrines mentioned in the Shiva Purana. The temple houses the Nageshwar Jyotirlinga, which is believed to protect devotees from all types of poisons. A large 25-meter tall statue of a seated Lord Shiva is a major attraction of the temple complex.",
    "imageUrl": "https://upload.wikimedia.org/wikipedia/commons/thumb/c/c5/Nageshwar_Jyotirling_Temple%2C_Dwarka.jpg/1024px-Nageshwar_Jyotirling_Temple%2C_Dwarka.jpg",
    "lat": 22.3358,
    "lng": 69.085,
    "crowdLevel": "Medium",
    "darshanTimings": "6 AM - 12:30 PM, 5 PM - 9:30 PM",
    "deity": "Lord Shiva",
    "tags": ["jyotirlinga", "shiva"],
    "estimatedCost": 2500,
    "estimatedDays": 1,
    "circuitOrder": { "jyotirlinga": 10 },
    "featuredOrder": 13
  },
  {
    "id": 5,
    "name": "Omkareshwar Temple",
    "location": "Khandwa, Madhya Pradesh",
    "history": "Located on an island called Mandhata in the Narmada river, the shape of the island is said to be like the Hindu 'ॐ' symbol. This Jyotirlinga shrine is split, with Omkareshwar on one side of the island and Mamleshwar on the other bank of the Narmada.",
    "imageUrl": "https://upload.wikimedia.org/wikipedia/commons/thumb/5/50/Omkareshwar_Jyotirlinga_Temple_From_Bridge.jpg/1024px-Omkareshwar_Jyotirlinga_Temple_From_Bridge.jpg",
    "lat": 22.2476,
    "lng": 76.148,
    "crowdLevel": "High",
    "darshanTimings": "5 AM - 9:30 PM",
    "deity": "Lord Shiva",
    "tags": ["jyotirlinga", "shiva"],
    "estimatedCost": 1500,
    "estimatedDays": 1,
    "circuitOrder": { "jyotirlinga": 4 },
    "featuredOrder": 9
  },
  {
    "id": 117,
    "name": "Padmanabhaswamy Temple",
    "location": "Thiruvananthapuram, Kerala",
    "history": "A magnificent temple with a blend of Chera and Dravidian styles of architecture. It is dedicated to Lord Vishnu, who is enshrined in the 'Anantha Shayanam' posture, the eternal yogic sleep on the serpent Adisheshan. The temple is famous for the vast treasures discovered in its subterranean vaults.",
    "imageUrl": "https://upload.wikimedia.org/wikipedia/commons/thumb/a/ae/Sree_Padmanabhaswamy_Temple_-_Trivandrum.jpg/1280px-Sree_Padmanabhaswamy_Temple_-_Trivandrum.jpg",
    "lat": 8.483,
    "lng": 76.943,
    "crowdLevel": "High",
    "darshanTimings": "3:30 AM - 12 PM, 5 PM - 8:30 PM (Timings vary)",
    "deity": "Lord Vishnu",
    "tags": ["vishnu", "kerala", "vaishnava"],
    "estimatedCost": 2200,
    "estimatedDays": 1,
    "featuredOrder": 24
  },
  {
    "id": 124,
    "name": "Pashupatinath Temple",
    "location": "Kathmandu, Nepal",
    "history": "One of the 18 Maha Shakti Peeths, where the knees of Goddess Sati fell. It's a sprawling complex of temples, ashrams, images and inscriptions raised over the centuries along the banks of the sacred Bagmati river. A UNESCO World Heritage Site.",
    "imageUrl": "https://upload.wikimedia.org/wikipedia/commons/thumb/8/87/Pashupatinath_Temple_in_Kathmandu%2C_Nepal.jpg/1024px-Pashupatinath_Temple_in_Kathmandu%2C_Nepal.jpg",
    "lat": 27.71,
    "lng": 85.348,
    "crowdLevel": "High",
    "darshanTimings": "4 AM - 9 PM",
    "deity": "Goddess Sati (Guhyeshwari) & Lord Shiva",
    "tags": ["shakti peeth", "maha shakti peeth", "unesco", "shakta", "shiva"],
    "estimatedCost": 6000,
    "estimatedDays": 3,
    "featuredOrder": 44
  },
  {
    "id": 118,
    "name": "Prem Mandir",
    "location": "Vrindavan, Uttar Pradesh",
    "history": "A modern spiritual complex dedicated to Radha Krishna and Sita Ram. Established by Jagadguru Kripalu Parishat, this temple is an architectural marvel made of Italian marble, showcasing the life of Krishna through intricate carvings and dioramas.",
    "imageUrl": "https://upload.wikimedia.org/wikipedia/commons/thumb/f/f6/Prem_Mandir_Night_View.jpg/1280px-Prem_Mandir_Night_View.jpg",
    "lat": 27.561,
    "lng": 77.67,
    "crowdLevel": "Very High",
    "darshanTimings": "8:30 AM - 12 PM, 4:30 PM - 8:30 PM",
    "deity": "Radha Krishna, Sita Ram",
    "tags": ["krishna", "vishnu", "modern", "vaishnava"],
    "estimatedCost": 1600,
    "estimatedDays": 1,
    "featuredOrder": 25
  },
  {
    "id": 120,
    "name": "Ramanathaswamy Temple",
    "location": "Rameswaram, Tamil Nadu",
    "history": "This temple is significant as Lord Rama is believed to have prayed to Lord Shiva here to absolve any sins he might have committed during his war against the demon-king Ravana in Sri Lanka. It is a key site in the Char Dham pilgrimage. The temple is famous for its magnificent corridors, which are the longest among all Hindu temples in India.",
    "imageUrl": "https://upload.wikimedia.org/wikipedia/commons/thumb/c/c5/Ramanathaswamy_Temple%2C_Rameswaram_Corridor.jpg/1280px-Ramanathaswamy_Temple%2C_Rameswaram_Corridor.jpg",
    "lat": 9.2881,
    "lng": 79.3174,
    "crowdLevel": "Very High",
    "darshanTimings": "5 AM - 1 PM, 3 PM - 9 PM",
    "deity": "Lord Shiva",
    "tags": ["char dham", "jyotirlinga", "shiva"],
    "circuitOrder": { "char_dham": 2, "jyotirlinga": 8 },
    "estimatedCost": 2800,
    "estimatedDays": 2,
    "featuredOrder": 4
  },
  {
    "id": 11,
    "name": "Rameswaram Temple",
    "location": "Rameswaram, Tamil Nadu",
    "history": "Located on Rameswaram island, this Jyotirlinga is closely associated with the Ramayana. It is believed that Lord Rama worshipped Shiva here to atone for the sin of killing Ravana, a Brahmin. The temple is renowned for its magnificent corridors and 22 holy water tanks (tirthas).",
    "imageUrl": "https://upload.wikimedia.org/wikipedia/commons/thumb/e/eb/Rameswaram_Temple_India.jpg/1024px-Rameswaram_Temple_India.jpg",
    "lat": 9.2881,
    "lng": 79.3174,
    "crowdLevel": "Very High",
    "darshanTimings": "5 AM - 1 PM, 3 PM - 9 PM",
    "deity": "Lord Shiva",
    "tags": ["jyotirlinga", "char dham", "shiva"],
    "estimatedCost": 2800,
    "estimatedDays": 2,
    "circuitOrder": { "jyotirlinga": 8 },
    "featuredOrder": 12
  },
  {
    "id": 128,
    "name": "Ranakpur Jain Temple",
    "location": "Ranakpur, Rajasthan",
    "history": "A stunning temple dedicated to Tirthankara Rishabhanatha. It is one of the most important pilgrimage sites of Jainism. The temple is known for its intricate carvings and 1,444 marble pillars, each carved differently.",
    "imageUrl": "https://upload.wikimedia.org/wikipedia/commons/thumb/9/9c/Ranakpur_Jain_Temple_in_the_Aravalli_Valley.jpg/1024px-Ranakpur_Jain_Temple_in_the_Aravalli_Valley.jpg",
    "lat": 25.115,
    "lng": 73.468,
    "crowdLevel": "Medium",
    "darshanTimings": "12 PM - 5 PM for tourists",
    "deity": "Adinath (Rishabhanatha)",
    "tags": ["jain", "other_major"],
    "estimatedCost": 2500,
    "estimatedDays": 1,
    "featuredOrder": 48
  },
  {
    "id": 119,
    "name": "Shankari Devi Temple",
    "location": "Trincomalee, Sri Lanka",
    "history": "One of the 18 Maha Shakti Peeths, located in the port city of Trincomalee. The original temple was destroyed by the Portuguese in the 17th century, but it has since been restored. It is where the groin of Sati is believed to have fallen.",
    "imageUrl": "https://upload.wikimedia.org/wikipedia/commons/thumb/a/a2/Shankari_Devi_Shakti_Peeth_at_Trincomalee.jpg/1024px-Shankari_Devi_Shakti_Peeth_at_Trincomalee.jpg",
    "lat": 8.5833,
    "lng": 81.2333,
    "crowdLevel": "Medium",
    "darshanTimings": "6 AM - 7 PM",
    "deity": "Goddess Sati (Shankari)",
    "tags": ["shakti peeth", "maha shakti peeth", "shakta"],
    "estimatedCost": 12000,
    "estimatedDays": 5,
    "featuredOrder": 47
  },
  {
    "id": 2,
    "name": "Somnath Temple",
    "location": "Veraval, Gujarat",
    "history": "The Somnath Temple, located on the western coast of Gujarat, is traditionally considered the first of the twelve Jyotirlinga shrines of Lord Shiva. It has been destroyed and rebuilt numerous times throughout history, standing today as a symbol of eternal faith and resilience. Its seaside location adds to its profound spiritual ambiance.",
    "imageUrl": "https://upload.wikimedia.org/wikipedia/commons/thumb/6/61/Somnath_Temple_At_Sunset_2.jpg/1280px-Somnath_Temple_At_Sunset_2.jpg",
    "lat": 20.888,
    "lng": 70.4013,
    "crowdLevel": "Very High",
    "darshanTimings": "6 AM - 9 PM",
    "deity": "Lord Shiva",
    "tags": ["jyotirlinga", "shiva"],
    "estimatedCost": 2500,
    "estimatedDays": 1,
    "circuitOrder": { "jyotirlinga": 1 },
    "featuredOrder": 2
  },
  {
    "id": 136,
    "name": "Srikalahasti Temple",
    "location": "Srikalahasti, Andhra Pradesh",
    "history": "Representing the element of Air (Vayu Lingam), this temple is famous for its Vayu linga, which is one of the Panchabhoota Sthalams. An interesting feature is a lamp inside the inner sanctum that constantly flickers despite the lack of air movement.",
    "imageUrl": "https://upload.wikimedia.org/wikipedia/commons/thumb/9/90/Srikalahasti_temple_view_from_bridge.jpg/1024px-Srikalahasti_temple_view_from_bridge.jpg",
    "lat": 13.759,
    "lng": 79.697,
    "crowdLevel": "High",
    "darshanTimings": "6:00 AM - 9:00 PM",
    "deity": "Lord Shiva",
    "tags": ["panchabhoota", "shiva"],
    "estimatedCost": 2600,
    "estimatedDays": 1,
    "circuitOrder": { "panchabhoota": 4 },
    "featuredOrder": 29
  },
  {
    "id": 137,
    "name": "Thillai Nataraja Temple, Chidambaram",
    "location": "Chidambaram, Tamil Nadu",
    "history": "Representing the element of Ether/Sky (Akasha Lingam), this temple is dedicated to Shiva as the cosmic dancer, Nataraja. The sanctum is unique, representing the 'Chidambara Rahasyam' (Secret of Chidambaram), which signifies formless worship.",
    "imageUrl": "https://upload.wikimedia.org/wikipedia/commons/thumb/2/29/Chidambaram_Nataraja_Kovil_Golden_Roof_2.jpg/1024px-Chidambaram_Nataraja_Kovil_Golden_Roof_2.jpg",
    "lat": 11.399,
    "lng": 79.695,
    "crowdLevel": "High",
    "darshanTimings": "6:00 AM - 12:30 PM, 4:30 PM - 10:00 PM",
    "deity": "Lord Shiva (Nataraja)",
    "tags": ["panchabhoota", "shiva"],
    "estimatedCost": 2300,
    "estimatedDays": 1,
    "circuitOrder": { "panchabhoota": 5 },
    "featuredOrder": 30
  },
  {
    "id": 8,
    "name": "Trimbakeshwar Temple",
    "location": "Trimbak, Maharashtra",
    "history": "Located at the source of the Godavari river, Trimbakeshwar is unique because its Jyotirlinga has three faces embodying Lord Brahma, Lord Vishnu, and Lord Shiva. The linga is in a depression on the floor of the sanctum and is constantly bathed by water flowing from the Godavari.",
    "imageUrl": "https://upload.wikimedia.org/wikipedia/commons/thumb/c/ca/Trimbakeshwar_Temple%2C_Nashik.jpg/1024px-Trimbakeshwar_Temple%2C_Nashik.jpg",
    "lat": 19.9348,
    "lng": 73.5325,
    "crowdLevel": "Very High",
    "darshanTimings": "5:30 AM - 9 PM",
    "deity": "Lord Shiva, Brahma, Vishnu",
    "tags": ["jyotirlinga", "shiva"],
    "estimatedCost": 1800,
    "estimatedDays": 1,
    "circuitOrder": { "jyotirlinga": 7 },
    "featuredOrder": 11
  },
  {
    "id": 129,
    "name": "Vaishno Devi Temple",
    "location": "Katra, Jammu and Kashmir",
    "history": "A temple dedicated to the Hindu Goddess, located in the Trikuta Mountains. The shrine is located in a cave and the Goddess is symbolized in the form of three natural rock formations, the Pindies. It is one of the most visited pilgrimage sites in India.",
    "imageUrl": "https://upload.wikimedia.org/wikipedia/commons/thumb/8/87/Vaishno_Devi_Temple_from_Katra.jpg/1280px-Vaishno_Devi_Temple_from_Katra.jpg",
    "lat": 33.029,
    "lng": 74.948,
    "crowdLevel": "Very High",
    "darshanTimings": "Open 24 Hours",
    "deity": "Goddess Vaishno Devi",
    "tags": ["shakti peeth", "cave", "shakta"],
    "estimatedCost": 3500,
    "estimatedDays": 3,
    "featuredOrder": 16
  },
  {
    "id": 3,
    "name": "Vaidyanath Temple",
    "location": "Deoghar, Jharkhand",
    "history": "Vaidyanath Jyotirlinga temple, also known as Baba Baidyanath Dham, is one of the twelve Jyotirlingas. It is also a Shakti Peeth, where the heart of Sati fell, making it a place of dual reverence. Devotees carry water from the Ganges to offer to the lingam, a pilgrimage known as the Kanwar Yatra.",
    "imageUrl": "https://upload.wikimedia.org/wikipedia/commons/thumb/e/e0/Baba_Baidyanath_dham_Deoghar.jpg/800px-Baba_Baidyanath_dham_Deoghar.jpg",
    "lat": 24.4925,
    "lng": 86.6967,
    "crowdLevel": "Very High",
    "darshanTimings": "4 AM - 9 PM",
    "deity": "Lord Shiva",
    "tags": ["jyotirlinga", "shakti peeth", "shiva", "shakta"],
    "estimatedCost": 2200,
    "estimatedDays": 2,
    "circuitOrder": { "jyotirlinga": 5 },
    "featuredOrder": 10
  },
  {
    "id": 130,
    "name": "Vindhyachal Temple",
    "location": "Mirzapur, Uttar Pradesh",
    "history": "Vindhyavasini Devi Temple is a major Hindu pilgrimage site, considered a Shakti Peeth. The goddess is worshipped in the form of Vindhyavasini, who is believed to be the instant bestower of benediction.",
    "imageUrl": "https://upload.wikimedia.org/wikipedia/commons/thumb/6/6f/Vindhyachal_Temple_01.jpg/1024px-Vindhyachal_Temple_01.jpg",
    "lat": 25.166,
    "lng": 82.502,
    "crowdLevel": "High",
    "darshanTimings": "5 AM - 9:30 PM",
    "deity": "Goddess Yogamaya (Vindhyavasini)",
    "tags": ["shakti peeth", "shakta"],
    "estimatedCost": 1800,
    "estimatedDays": 1,
    "featuredOrder": 49
  },
  {
    "id": 140,
    "name": "Yamunotri Temple",
    "location": "Uttarkashi, Uttarakhand",
    "history": "Situated in the western region of Garhwal Himalayas, this temple is dedicated to the Goddess Yamuna and marks the source of the Yamuna River. It is the first pilgrimage stop in the Himalayan Char Dham circuit.",
    "imageUrl": "https://upload.wikimedia.org/wikipedia/commons/thumb/c/c8/Yamunotri_temple_and_ashram_-_Yamunotri%2C_Uttarakhand.jpg/1024px-Yamunotri_temple_and_ashram_-_Yamunotri%2C_Uttarakhand.jpg",
    "lat": 31.013,
    "lng": 78.459,
    "crowdLevel": "High",
    "darshanTimings": "6 AM - 8 PM (Seasonal: Apr-Nov)",
    "deity": "Goddess Yamuna",
    "tags": ["himalayan char dham", "shakta"],
    "estimatedCost": 4000,
    "estimatedDays": 2,
    "circuitOrder": { "himalayan_char_dham": 1 },
    "featuredOrder": 17
  }
]
